{
  "src": [
    "sprite.ogg",
    "sprite.m4a",
    "sprite.mp3",
    "sprite.ac3"
  ],
  "sprite": {
    "alarm1": [
      0,
      9088.185941043084
    ],
    "alarm2": [
      11000,
      9136.802721088436
    ],
    "alarm3": [
      22000,
      4573.446712018139
    ],
    "amazing": [
      28000,
      1030.158730158732
    ],
    "awesome": [
      31000,
      520.8163265306141
    ],
    "clack": [
      33000,
      344.4897959183706
    ],
    "click": [
      35000,
      356.4625850340164
    ],
    "click2": [
      37000,
      45.89569160997797
    ],
    "coin": [
      39000,
      2318.299319727892
    ],
    "coin2": [
      43000,
      1056.6893424036293
    ],
    "dice": [
      46000,
      1036.5306122448956
    ],
    "ding": [
      49000,
      1577.0748299319735
    ],
    "dragon": [
      52000,
      1795.3741496598639
    ],
    "earthquake": [
      55000,
      3000.340136054419
    ],
    "end_dragon": [
      60000,
      3056.326530612246
    ],
    "end_phoenix": [
      65000,
      3056.326530612239
    ],
    "fantastic": [
      70000,
      1393.990929705211
    ],
    "freeze": [
      73000,
      2304.4217687074847
    ],
    "gemstone": [
      77000,
      3215.8956916099723
    ],
    "gong": [
      82000,
      2480.000000000004
    ],
    "great": [
      86000,
      606.3945578231227
    ],
    "grunt": [
      88000,
      2385.963718820861
    ],
    "joker": [
      92000,
      3979.637188208613
    ],
    "legendary": [
      97000,
      1261.428571428567
    ],
    "music-shop": [
      100000,
      355239.18367346935
    ],
    "music": [
      457000,
      353697.95918367343
    ],
    "mutation": [
      812000,
      1839.478458049939
    ],
    "nice": [
      815000,
      600.566893424002
    ],
    "phoenix": [
      817000,
      1976.3265306122548
    ],
    "screech": [
      820000,
      1071.0204081632355
    ],
    "shake": [
      823000,
      685.0113378684455
    ],
    "sprite": [
      825000,
      3831000
    ],
    "super": [
      4657000,
      744.3764172339797
    ],
    "tiles": [
      4659000,
      925.0566893424548
    ],
    "unreal": [
      4661000,
      1064.7165532882354
    ],
    "wind": [
      4664000,
      3681.5419501135693
    ]
  }
}