{
  "src": [
    "sprite.ogg",
    "sprite.m4a",
    "sprite.mp3",
    "sprite.ac3"
  ],
  "sprite": {
    "music": [
      0,
      352052.2448979592
    ],
    "shop": [
      354000,
      352052.2448979591
    ]
  }
}